<?xml version="1.0"?>
<opencv_storage>
<cascade>
  <stageType>BOOST</stageType>
  <featureType>HAAR</featureType>
  <height>24</height>
  <width>24</width>
  <stageParams>
    <boostType>GAB</boostType>
    <minHitRate>9.9500000476837158e-01</minHitRate>
    <maxFalseAlarm>5.0000000000000000e-01</maxFalseAlarm>
    <weightTrimRate>9.4999999999999996e-01</weightTrimRate>
    <maxDepth>1</maxDepth>
    <maxWeakCount>100</maxWeakCount></stageParams>
  <featureParams>
    <maxCatCount>0</maxCatCount>
    <featSize>1</featSize>
    <mode>BASIC</mode></featureParams>
  <stageNum>12</stageNum>
  <stages>
    <!-- stage 0 -->
    <_>
      <maxWeakCount>3</maxWeakCount>
      <stageThreshold>-1.6722484827041626e+00</stageThreshold>
      <weakClassifiers>
        <_>
          <internalNodes>
            0 -1 19 8.2273796200752258e-02</internalNodes>
          <leafValues>
            -9.8820060491561890e-01 3.7931033968925476e-01</leafValues></_>
        <_>
          <internalNodes>
            0 -1 18 9.3020282685756683e-02</internalNodes>
          <leafValues>
            -9.5752793550491333e-01 9.2977426946163177e-02</leafValues></_>
        <_>
          <internalNodes>
            0 -1 20 4.1298244148492813e-02</internalNodes>
          <leafValues>
            -7.7702534198760986e-01 6.4950841665267944e-01</leafValues></_></weakClassifiers></_>
    <!-- stage 1 -->
    <_>
      <maxWeakCount>4</maxWeakCount>
      <stageThreshold>-2.1064782142639160e+00</stageThreshold>
      <weakClassifiers>
        <_>
          <internalNodes>
            0 -1 28 8.9143827557563782e-02</internalNodes>
          <leafValues>
            -9.8817735910415649e-01 2.9032257199287415e-01</leafValues></_>
        <_>
          <internalNodes>
            0 -1 1 -1.1275102198123932e-01</internalNodes>
          <leafValues>
            4.9017226696014404e-01 -9.4182097911834717e-01</leafValues></_>
        <_>
          <internalNodes>
            0 -1 32 -7.2742663323879242e-03</internalNodes>
          <leafValues>
            5.2470093965530396e-01 -8.7969094514846802e-01</leafValues></_>
        <_>
          <internalNodes>
            0 -1 29 2.5997273623943329e-02</internalNodes>
          <leafValues>
            -8.0668354034423828e-01 7.0321112871170044e-01</leafValues></_></weakClassifiers></_>
    <!-- stage 2 -->
    <_>
      <maxWeakCount>4</maxWeakCount>
      <stageThreshold>-2.0847351551055908e+00</stageThreshold>
      <weakClassifiers>
        <_>
          <internalNodes>
            0 -1 6 -1.9352851808071136e-01</internalNodes>
          <leafValues>
            1.3333334028720856e-01 -9.8228347301483154e-01</leafValues></_>
        <_>
          <internalNodes>
            0 -1 27 1.3246244192123413e-01</internalNodes>
          <leafValues>
            -9.1566884517669678e-01 3.7231954932212830e-01</leafValues></_>
        <_>
          <internalNodes>
            0 -1 16 -9.6067048609256744e-02</internalNodes>
          <leafValues>
            4.2012792825698853e-01 -7.8526335954666138e-01</leafValues></_>
        <_>
          <internalNodes>
            0 -1 34 -1.5752979379612952e-05</internalNodes>
          <leafValues>
            6.3828855752944946e-01 -6.8950796127319336e-01</leafValues></_></weakClassifiers></_>
    <!-- stage 3 -->
    <_>
      <maxWeakCount>4</maxWeakCount>
      <stageThreshold>-1.9311493635177612e+00</stageThreshold>
      <weakClassifiers>
        <_>
          <internalNodes>
            0 -1 9 -5.6485928595066071e-02</internalNodes>
          <leafValues>
            5.0000000000000000e-01 -9.7855752706527710e-01</leafValues></_>
        <_>
          <internalNodes>
            0 -1 3 -1.9672569632530212e-01</internalNodes>
          <leafValues>
            6.8996769189834595e-01 -9.0559095144271851e-01</leafValues></_>
        <_>
          <internalNodes>
            0 -1 5 -1.7561953514814377e-02</internalNodes>
          <leafValues>
            5.1348805427551270e-01 -7.5344020128250122e-01</leafValues></_>
        <_>
          <internalNodes>
            0 -1 2 7.6276972889900208e-02</internalNodes>
          <leafValues>
            -5.6048893928527832e-01 8.4520477056503296e-01</leafValues></_></weakClassifiers></_>
    <!-- stage 4 -->
    <_>
      <maxWeakCount>3</maxWeakCount>
      <stageThreshold>-1.8858718872070313e+00</stageThreshold>
      <weakClassifiers>
        <_>
          <internalNodes>
            0 -1 7 -1.9912044703960419e-01</internalNodes>
          <leafValues>
            5.7142859697341919e-01 -9.7093021869659424e-01</leafValues></_>
        <_>
          <internalNodes>
            0 -1 24 -1.0498896241188049e-01</internalNodes>
          <leafValues>
            3.4944093227386475e-01 -9.1106855869293213e-01</leafValues></_>
        <_>
          <internalNodes>
            0 -1 33 -4.2464234866201878e-04</internalNodes>
          <leafValues>
            -9.3581205606460571e-01 -3.8730883970856667e-03</leafValues></_></weakClassifiers></_>
    <!-- stage 5 -->
    <_>
      <maxWeakCount>4</maxWeakCount>
      <stageThreshold>-2.5117247104644775e+00</stageThreshold>
      <weakClassifiers>
        <_>
          <internalNodes>
            0 -1 30 -3.3785052597522736e-02</internalNodes>
          <leafValues>
            7.5000000000000000e-01 -9.6339112520217896e-01</leafValues></_>
        <_>
          <internalNodes>
            0 -1 14 -2.0570334792137146e-01</internalNodes>
          <leafValues>
            4.2110711336135864e-01 -8.8066488504409790e-01</leafValues></_>
        <_>
          <internalNodes>
            0 -1 36 -2.2993604943621904e-04</internalNodes>
          <leafValues>
            -8.9736878871917725e-01 9.6663370728492737e-02</leafValues></_>
        <_>
          <internalNodes>
            0 -1 35 -3.1408519134856761e-05</internalNodes>
          <leafValues>
            -1. 2.2970017790794373e-01</leafValues></_></weakClassifiers></_>
    <!-- stage 6 -->
    <_>
      <maxWeakCount>3</maxWeakCount>
      <stageThreshold>-1.7480156421661377e+00</stageThreshold>
      <weakClassifiers>
        <_>
          <internalNodes>
            0 -1 26 -4.2902875691652298e-02</internalNodes>
          <leafValues>
            1. -9.5965415239334106e-01</leafValues></_>
        <_>
          <internalNodes>
            0 -1 12 -4.9447789788246155e-02</internalNodes>
          <leafValues>
            1.6355435550212860e-01 -8.5663443803787231e-01</leafValues></_>
        <_>
          <internalNodes>
            0 -1 0 3.7440993764903396e-05</internalNodes>
          <leafValues>
            6.8272978067398071e-02 -9.9380880594253540e-01</leafValues></_></weakClassifiers></_>
    <!-- stage 7 -->
    <_>
      <maxWeakCount>4</maxWeakCount>
      <stageThreshold>-2.3131706714630127e+00</stageThreshold>
      <weakClassifiers>
        <_>
          <internalNodes>
            0 -1 31 -2.0084569230675697e-02</internalNodes>
          <leafValues>
            5.5555558204650879e-01 -9.6335583925247192e-01</leafValues></_>
        <_>
          <internalNodes>
            0 -1 0 -1.5314991469494998e-04</internalNodes>
          <leafValues>
            -9.6867537498474121e-01 -1.2613494694232941e-01</leafValues></_>
        <_>
          <internalNodes>
            0 -1 13 -4.3938729912042618e-02</internalNodes>
          <leafValues>
            7.1346330642700195e-01 -6.7124223709106445e-01</leafValues></_>
        <_>
          <internalNodes>
            0 -1 4 1.7680472228676081e-03</internalNodes>
          <leafValues>
            2.9010277986526489e-01 -1.</leafValues></_></weakClassifiers></_>
    <!-- stage 8 -->
    <_>
      <maxWeakCount>4</maxWeakCount>
      <stageThreshold>-2.3884227275848389e+00</stageThreshold>
      <weakClassifiers>
        <_>
          <internalNodes>
            0 -1 25 -7.1747004985809326e-02</internalNodes>
          <leafValues>
            1. -9.5777350664138794e-01</leafValues></_>
        <_>
          <internalNodes>
            0 -1 0 -1.5168232494033873e-04</internalNodes>
          <leafValues>
            -9.6741455793380737e-01 -1.9113893806934357e-01</leafValues></_>
        <_>
          <internalNodes>
            0 -1 17 2.0505902171134949e-01</internalNodes>
          <leafValues>
            -7.7606827020645142e-01 3.4901684522628784e-01</leafValues></_>
        <_>
          <internalNodes>
            0 -1 11 7.3592011176515371e-05</internalNodes>
          <leafValues>
            -8.7261748313903809e-01 3.1283363699913025e-01</leafValues></_></weakClassifiers></_>
    <!-- stage 9 -->
    <_>
      <maxWeakCount>3</maxWeakCount>
      <stageThreshold>-2.0670552253723145e+00</stageThreshold>
      <weakClassifiers>
        <_>
          <internalNodes>
            0 -1 31 -2.0180795341730118e-02</internalNodes>
          <leafValues>
            7.6923079788684845e-02 -9.6321392059326172e-01</leafValues></_>
        <_>
          <internalNodes>
            0 -1 0 -1.5139897004701197e-04</internalNodes>
          <leafValues>
            -9.6551966667175293e-01 -3.0007851123809814e-01</leafValues></_>
        <_>
          <internalNodes>
            0 -1 21 -8.1389144062995911e-02</internalNodes>
          <leafValues>
            2.2642457485198975e-01 -8.0376273393630981e-01</leafValues></_></weakClassifiers></_>
    <!-- stage 10 -->
    <_>
      <maxWeakCount>3</maxWeakCount>
      <stageThreshold>-1.6942522525787354e+00</stageThreshold>
      <weakClassifiers>
        <_>
          <internalNodes>
            0 -1 15 -5.8787916786968708e-03</internalNodes>
          <leafValues>
            6.6666668653488159e-01 -9.5961540937423706e-01</leafValues></_>
        <_>
          <internalNodes>
            0 -1 8 -2.0065280795097351e-01</internalNodes>
          <leafValues>
            4.2562636733055115e-01 -8.5073781013488770e-01</leafValues></_>
        <_>
          <internalNodes>
            0 -1 22 -1.4552239917975385e-05</internalNodes>
          <leafValues>
            1.1610089242458344e-01 -8.8951534032821655e-01</leafValues></_></weakClassifiers></_>
    <!-- stage 11 -->
    <_>
      <maxWeakCount>2</maxWeakCount>
      <stageThreshold>-1.4111549854278564e+00</stageThreshold>
      <weakClassifiers>
        <_>
          <internalNodes>
            0 -1 10 -1.7672244459390640e-02</internalNodes>
          <leafValues>
            -1.0000000149011612e-01 -9.6686160564422607e-01</leafValues></_>
        <_>
          <internalNodes>
            0 -1 23 -7.2731997352093458e-04</internalNodes>
          <leafValues>
            -1. -4.4429340958595276e-01</leafValues></_></weakClassifiers></_></stages>
  <features>
    <_>
      <rects>
        <_>
          0 5 1 6 -1.</_>
        <_>
          0 8 1 3 2.</_></rects>
      <tilted>0</tilted></_>
    <_>
      <rects>
        <_>
          0 6 10 11 -1.</_>
        <_>
          5 6 5 11 2.</_></rects>
      <tilted>0</tilted></_>
    <_>
      <rects>
        <_>
          0 7 9 11 -1.</_>
        <_>
          3 7 3 11 3.</_></rects>
      <tilted>0</tilted></_>
    <_>
      <rects>
        <_>
          0 7 12 11 -1.</_>
        <_>
          6 7 6 11 2.</_></rects>
      <tilted>0</tilted></_>
    <_>
      <rects>
        <_>
          0 22 12 2 -1.</_>
        <_>
          6 22 6 2 2.</_></rects>
      <tilted>0</tilted></_>
    <_>
      <rects>
        <_>
          1 0 4 12 -1.</_>
        <_>
          1 0 2 6 2.</_>
        <_>
          3 6 2 6 2.</_></rects>
      <tilted>0</tilted></_>
    <_>
      <rects>
        <_>
          1 0 21 8 -1.</_>
        <_>
          1 4 21 4 2.</_></rects>
      <tilted>0</tilted></_>
    <_>
      <rects>
        <_>
          1 0 22 9 -1.</_>
        <_>
          1 3 22 3 3.</_></rects>
      <tilted>0</tilted></_>
    <_>
      <rects>
        <_>
          1 0 23 9 -1.</_>
        <_>
          1 3 23 3 3.</_></rects>
      <tilted>0</tilted></_>
    <_>
      <rects>
        <_>
          1 7 4 12 -1.</_>
        <_>
          3 7 2 12 2.</_></rects>
      <tilted>0</tilted></_>
    <_>
      <rects>
        <_>
          1 19 9 1 -1.</_>
        <_>
          4 19 3 1 3.</_></rects>
      <tilted>0</tilted></_>
    <_>
      <rects>
        <_>
          2 5 3 12 -1.</_>
        <_>
          2 9 3 4 3.</_></rects>
      <tilted>0</tilted></_>
    <_>
      <rects>
        <_>
          2 12 6 9 -1.</_>
        <_>
          4 12 2 9 3.</_></rects>
      <tilted>0</tilted></_>
    <_>
      <rects>
        <_>
          2 13 6 8 -1.</_>
        <_>
          4 13 2 8 3.</_></rects>
      <tilted>0</tilted></_>
    <_>
      <rects>
        <_>
          3 0 18 8 -1.</_>
        <_>
          3 4 18 4 2.</_></rects>
      <tilted>0</tilted></_>
    <_>
      <rects>
        <_>
          4 19 3 1 -1.</_>
        <_>
          5 19 1 1 3.</_></rects>
      <tilted>0</tilted></_>
    <_>
      <rects>
        <_>
          6 1 17 8 -1.</_>
        <_>
          6 5 17 4 2.</_></rects>
      <tilted>0</tilted></_>
    <_>
      <rects>
        <_>
          7 12 13 12 -1.</_>
        <_>
          7 18 13 6 2.</_></rects>
      <tilted>0</tilted></_>
    <_>
      <rects>
        <_>
          7 16 10 8 -1.</_>
        <_>
          7 20 10 4 2.</_></rects>
      <tilted>0</tilted></_>
    <_>
      <rects>
        <_>
          7 16 13 6 -1.</_>
        <_>
          7 19 13 3 2.</_></rects>
      <tilted>0</tilted></_>
    <_>
      <rects>
        <_>
          9 0 10 4 -1.</_>
        <_>
          9 2 10 2 2.</_></rects>
      <tilted>0</tilted></_>
    <_>
      <rects>
        <_>
          9 1 14 8 -1.</_>
        <_>
          9 5 14 4 2.</_></rects>
      <tilted>0</tilted></_>
    <_>
      <rects>
        <_>
          10 12 3 7 -1.</_>
        <_>
          11 12 1 7 3.</_></rects>
      <tilted>0</tilted></_>
    <_>
      <rects>
        <_>
          10 13 3 5 -1.</_>
        <_>
          11 13 1 5 3.</_></rects>
      <tilted>0</tilted></_>
    <_>
      <rects>
        <_>
          13 0 8 10 -1.</_>
        <_>
          13 5 8 5 2.</_></rects>
      <tilted>0</tilted></_>
    <_>
      <rects>
        <_>
          13 19 9 4 -1.</_>
        <_>
          16 19 3 4 3.</_></rects>
      <tilted>0</tilted></_>
    <_>
      <rects>
        <_>
          13 20 9 2 -1.</_>
        <_>
          16 20 3 2 3.</_></rects>
      <tilted>0</tilted></_>
    <_>
      <rects>
        <_>
          14 7 10 9 -1.</_>
        <_>
          19 7 5 9 2.</_></rects>
      <tilted>0</tilted></_>
    <_>
      <rects>
        <_>
          14 12 10 7 -1.</_>
        <_>
          19 12 5 7 2.</_></rects>
      <tilted>0</tilted></_>
    <_>
      <rects>
        <_>
          14 14 9 7 -1.</_>
        <_>
          17 14 3 7 3.</_></rects>
      <tilted>0</tilted></_>
    <_>
      <rects>
        <_>
          14 19 9 2 -1.</_>
        <_>
          17 19 3 2 3.</_></rects>
      <tilted>0</tilted></_>
    <_>
      <rects>
        <_>
          14 20 9 1 -1.</_>
        <_>
          17 20 3 1 3.</_></rects>
      <tilted>0</tilted></_>
    <_>
      <rects>
        <_>
          15 7 9 1 -1.</_>
        <_>
          18 7 3 1 3.</_></rects>
      <tilted>0</tilted></_>
    <_>
      <rects>
        <_>
          15 14 2 2 -1.</_>
        <_>
          16 14 1 2 2.</_></rects>
      <tilted>0</tilted></_>
    <_>
      <rects>
        <_>
          15 14 2 3 -1.</_>
        <_>
          16 14 1 3 2.</_></rects>
      <tilted>0</tilted></_>
    <_>
      <rects>
        <_>
          18 8 1 9 -1.</_>
        <_>
          18 11 1 3 3.</_></rects>
      <tilted>0</tilted></_>
    <_>
      <rects>
        <_>
          18 20 4 1 -1.</_>
        <_>
          20 20 2 1 2.</_></rects>
      <tilted>0</tilted></_></features></cascade>
</opencv_storage>
